"Page","Visual","Entity"
"08fd67cfd00b4a33029c","4487249dfba968094ba2","Barriers"
"08fd67cfd00b4a33029c","f41af872b531ce9efa8c","CYA Event Types"
"08fd67cfd00b4a33029c","7943aa91267bb4e9ec4d","CYA ME Tool"
"08fd67cfd00b4a33029c","687dd048147dff801326","CYA People Report"
"08fd67cfd00b4a33029c","fb93a83f6c268f2398c1","CYA People Report"
"08fd67cfd00b4a33029c","6129b4574c0b34cea93d","DateTable"
"08fd67cfd00b4a33029c","ed761185f16f17f8ebad","Neuro"
"08fd67cfd00b4a33029c","48fb363c4e2cf035cdcf","Projects involved in"
"08fd67cfd00b4a33029c","1f2276ddf102acc5c997","Staff ID"
"17585866baaf4aabe356","932b585fea9bfab5feff","Calendar"
"17585866baaf4aabe356","932b585fea9bfab5feff","DateTable"
"17585866baaf4aabe356","567c340076a13dcc4c19","DateTable"
"17585866baaf4aabe356","9ccbc723bac3bb34eb39","Staff ID"
"17585866baaf4aabe356","932b585fea9bfab5feff","StaffSchedule"
"3526118a61051167c8a2","10794ed6af9725affabb","CYA Attendance"
"3526118a61051167c8a2","2cab7ffd22f773e793b0","CYA Attendance"
"3526118a61051167c8a2","d57b5378a2d34a46d56b","CYA Attendance"
"3526118a61051167c8a2","705ce219a4d031b5b792","CYA Attendance"
"3526118a61051167c8a2","b660c0eca3d791237505","CYA ME Tool"
"3526118a61051167c8a2","9df8b2011e10ecfc92d1","CYA ME Tool"
"3526118a61051167c8a2","61c75fb911f41881af9a","CYA ME Tool"
"3526118a61051167c8a2","08a29caaad77aa6c1ddd","CYA People Report"
"3526118a61051167c8a2","9fb7578bf44e21d15d02","CYA People Report"
"3526118a61051167c8a2","07837e7d987f1d1c0177","CYA People Report"
"3526118a61051167c8a2","c720218569c0e8aa3eb0","CYA People Report"
"3526118a61051167c8a2","7254565f3465707c0b13","CYA People Report"
"3526118a61051167c8a2","8afae175a6df4638a1a9","CYA People Report"
"3526118a61051167c8a2","ed4e4215265c12cdc212","CYA TLE"
"3526118a61051167c8a2","12d1276d384ffc44f266","CYA TLE"
"3526118a61051167c8a2","aac371992dbbcc454708","DateTable"
"3526118a61051167c8a2","705ce219a4d031b5b792","Project ID"
"3526118a61051167c8a2","93f1b1529f7e8cde49ad","Sessions + Activities"
"3526118a61051167c8a2","b704f7cbe0577213ae91","Staff ID"
"3ed4ffc455eec3021500","5144dd2f28c1f30ce661","DateTable"
"3ed4ffc455eec3021500","5fa84260e0655fdd7dda","KPI Test"
"3ed4ffc455eec3021500","fd0229f76cb4a803e108","Project"
"3ed4ffc455eec3021500","968a4b0fedf1b367942a","Staff ID"
"a838567c160306451b0c","a3da1d900a9497e07902","Calendar"
"a838567c160306451b0c","f180ffccb72ca890ce8b","Calendar"
"a838567c160306451b0c","1df3c34b0450557ac5e1","Calendar"
"a838567c160306451b0c","72ab25be792d004ec431","DateTable"
"a838567c160306451b0c","efcfd050e85412e9178e","Latest Status"
"a838567c160306451b0c","c7f194330e19028a58e0","Sessions + Activities"
"a838567c160306451b0c","be4ce0f3db34401e0d10","Sessions + Activities"
"a838567c160306451b0c","9ba597606fea26f8942e","Sessions + Activities"
"a838567c160306451b0c","50fbf809833d0392ebe0","Sessions + Activities"
"a838567c160306451b0c","22dc9fbda632d1b3dd09","Sessions + Activities"
"a838567c160306451b0c","e94b840eda771be6cae3","Staff ID"
"a838567c160306451b0c","a3da1d900a9497e07902","StaffSchedule"
"a838567c160306451b0c","6e773cd820b7d057d96e","StaffSchedule"
"a838567c160306451b0c","bd46ad09105d3d808023","TE - Data"
"fe5e976e003a63bc0c70","9030e6cebc9e7c29e574","DateTable"
"fe5e976e003a63bc0c70","e09a20627ec6b20275d3","Global Outcomes"
"fe5e976e003a63bc0c70","e09a20627ec6b20275d3","Sessions + Activities"
"fe5e976e003a63bc0c70","ad0ba4cfe85dd0adbe97","Staff ID"
"fe5e976e003a63bc0c70","e09a20627ec6b20275d3","Strat2"
"fe5e976e003a63bc0c70","e09a20627ec6b20275d3","Strategic Outcomes"
